{"R": 125.04371257476807, "G": 116.00860906982422, "B": 106.1726494972229}